ShipType,SpectralCentroid,SpectralFlatness,RMS
Cargo,525.2166900697946,0.00016236321,0.03138281
Cargo,420.6019653338657,7.01205e-05,0.030159911
Cargo,413.2058126537675,6.5064894e-05,0.030168524
Cargo,370.59664859638815,5.4003332e-05,0.03046693
Cargo,378.6148630875782,4.7217345e-05,0.030114245
Cargo,362.0777566582884,4.504722e-05,0.030200953
Cargo,362.6628086787459,4.2292497e-05,0.030205162
Cargo,370.2060420446408,4.3735177e-05,0.029924028
Cargo,344.96826172116505,3.6701684e-05,0.029914517
Cargo,332.59200633265954,3.396734e-05,0.029943295
Cargo,338.8441279683761,3.4408506e-05,0.029898087
Cargo,515.6538392106561,0.00014400682,0.030873016
Cargo,337.1538217621774,3.8548482e-05,0.02989581
Cargo,508.2628412467456,0.00014275042,0.031241091
Cargo,485.4380668953949,0.00012774336,0.031332195
Cargo,484.5809012249978,0.00011833564,0.030794498
Cargo,486.51143587676773,0.00011335692,0.030473748
Cargo,478.1120201184305,0.000101829944,0.03045842
Cargo,455.2273680452402,8.7392764e-05,0.030400285
Cargo,429.34089972696256,7.5920296e-05,0.030387701
Cargo,714.8623171948217,0.0007124532,0.047719937
Cargo,714.7368005609138,0.00023536227,0.029680531
Cargo,719.3893346198813,0.00023056158,0.029648468
Cargo,689.9703830307184,0.00018715367,0.02958463
Cargo,670.3473515531648,0.00016740413,0.029570844
Cargo,613.0932195403035,0.00013208069,0.029556256
Cargo,540.0440122065985,9.8853685e-05,0.029582981
Cargo,535.4008047789038,9.069015e-05,0.02942238
Cargo,494.1481576267425,7.3607174e-05,0.02949569
Cargo,456.0884309121052,6.1747545e-05,0.029425167
Cargo,426.7680463880096,5.2508385e-05,0.029514825
Cargo,699.4003782055004,0.000599536,0.042532273
Cargo,394.5398949419971,4.0561084e-05,0.029471878
Cargo,391.554851310703,7.145246e-05,0.029311331
Cargo,717.6334938908375,0.00055579195,0.03755274
Cargo,717.3005020827974,0.0004917881,0.034929965
Cargo,744.0517381964271,0.00043221813,0.03164221
Cargo,751.8826352223622,0.0003983228,0.030963928
Cargo,750.1968412751479,0.0003422342,0.030273091
Cargo,745.9068229039432,0.00031156756,0.029975474
Cargo,712.6789588802973,0.00025354594,0.029736873
Cargo,608.993149737269,8.63776e-05,0.029388927
Cargo,622.5611183729817,9.498467e-05,0.029491428
Cargo,620.9241389458396,9.388691e-05,0.029419784
Cargo,606.8512607144335,8.924128e-05,0.029512238
Cargo,609.8620227301436,9.087792e-05,0.02950433
Cargo,608.5694675078673,9.15407e-05,0.029618029
Cargo,617.7552124859454,9.3978786e-05,0.029346572
Cargo,605.54989846299,8.913e-05,0.029593589
Cargo,620.4690383323875,9.712352e-05,0.029591152
Cargo,624.2049866525942,9.912045e-05,0.029274365
Cargo,611.6473301669272,9.515294e-05,0.029573858
Cargo,622.1348616155944,9.472017e-05,0.029029237
Cargo,610.8787722746222,9.0263806e-05,0.029661752
Cargo,605.9549475873762,8.869748e-05,0.029125731
Cargo,595.5497379937968,8.5139334e-05,0.029692074
Cargo,599.0390969124047,8.6139255e-05,0.029093258
Cargo,606.9372591148356,9.049797e-05,0.029512487
Cargo,612.4072453550425,9.096606e-05,0.029706035
Cargo,624.1208933114675,9.795636e-05,0.029507274
Cargo,1341.410588460999,0.0014821597,0.029748764
Cargo,808.9122326623872,0.00022497383,0.02942358
Cargo,721.0358434120695,0.000167944,0.029412903
Cargo,715.9308864314086,0.00016671106,0.029457591
Cargo,683.6994009248158,0.00014076366,0.029332874
Cargo,675.060457252597,0.0001303412,0.029418364
Cargo,734.4979466751914,0.0001530535,0.029449439
Cargo,755.9423394620364,0.0001704716,0.029541284
Cargo,746.5678398692411,0.00016741913,0.029540552
Cargo,807.3294475677006,0.00020916408,0.02949073
Cargo,747.3622676172284,0.00015336477,0.029420426
Cargo,1384.3214977413456,0.0016465693,0.02978127
Cargo,737.9687751346797,0.00015934574,0.029427214
Cargo,1404.9924924193997,0.0015855858,0.029749297
Cargo,1369.5591655442909,0.0013938968,0.029635258
Cargo,1386.2051388656575,0.0013560693,0.029607385
Cargo,1392.8333687114346,0.0012891158,0.029540952
Cargo,1339.0562214270533,0.0010507965,0.02953087
Cargo,1164.9891001919336,0.0006942178,0.02947171
Cargo,976.8885950840416,0.00039267674,0.029418172
Cargo,1494.164794203429,0.0025607676,0.029936397
Cargo,1280.4935384402384,0.0015050055,0.029355304
Cargo,1205.6279899814342,0.0016478711,0.029628303
Cargo,1215.3072998759567,0.0026101314,0.029615682
Cargo,1198.2501830729154,0.0012960021,0.030831676
Cargo,1250.239144451532,0.0036817743,0.03034814
Cargo,1216.7536948641946,0.002701675,0.02957288
Cargo,1210.8478068769587,0.0019321616,0.030514391
Cargo,1227.50221128085,0.0023518747,0.029410252
Cargo,1299.0624462529754,0.0029748199,0.0302632
Cargo,1376.9002226890636,0.0045772903,0.030272963
Cargo,1558.4784820880266,0.0031628634,0.0293165
Cargo,1252.2477169920683,0.0021574872,0.03198491
Cargo,1388.5182555871622,0.0023086255,0.029573847
Cargo,1417.2554551215494,0.0025435274,0.029833943
Cargo,1334.8172943962945,0.0019947162,0.029730724
Cargo,1426.0389212617415,0.0019880305,0.029287186
Cargo,1361.584856540479,0.00184019,0.029795047
Cargo,1323.1796078031027,0.0016297887,0.029120948
Cargo,1289.3741629473673,0.0013821338,0.02970777
Cargo,1222.5062389972804,0.00081357925,0.029634144
Cargo,1248.8007022288427,0.0010276838,0.029859323
Cargo,1276.3093762949618,0.0010700471,0.029881218
Cargo,1224.8832998795663,0.0009521244,0.02993323
Cargo,1213.4390331604166,0.0009227978,0.0299446
Cargo,1180.638118905356,0.00084205443,0.029745089
Cargo,1128.7098872282832,0.00071903,0.029859403
Cargo,1110.4128775165823,0.0006274438,0.029885272
Cargo,1083.1227051960782,0.0005709297,0.029842138
Cargo,1000.4070988736933,0.00044308844,0.029891254
Cargo,942.6125892986577,0.0003774757,0.029694088
Cargo,1185.3524414382953,0.0007685051,0.029552631
Cargo,1213.7590839528552,0.0008462776,0.0295512
Cargo,1208.108542572549,0.00085679744,0.029717417
Cargo,1290.7376346712326,0.0011305677,0.029714042
Cargo,1204.4814421790575,0.0009507078,0.02985442
Cargo,1218.1902360146448,0.0009029175,0.02978798
Cargo,1341.1099413283043,0.0012784231,0.029849714
Cargo,1232.5712096013676,0.00093039044,0.029801086
Cargo,1661.9499029220456,0.014211132,0.042858113
Cargo,1348.6282455086555,0.0015252943,0.0293756
Cargo,1258.9126261452534,0.0010965036,0.029680515
Cargo,1151.5220798032192,0.00086592865,0.029286906
Cargo,1048.0722301925646,0.0006222587,0.029295126
Cargo,928.4143480582865,0.00037766717,0.029290525
Cargo,889.0535427773577,0.0003169677,0.029187901
Cargo,844.3821824378317,0.00028619872,0.029361194
Cargo,817.6165787981736,0.00028077533,0.029108608
Cargo,825.3672623131248,0.00029722447,0.029443912
Cargo,803.0599404325984,0.00024303191,0.029201297
Cargo,1608.6630435260872,0.01224294,0.03971196
Cargo,780.6065816640281,0.00021653801,0.029231144
Cargo,1669.9687908752871,0.0114781605,0.035491843
Cargo,1741.2314733017702,0.010155277,0.03326017
Cargo,1566.0749170990061,0.0056277295,0.03149942
Cargo,1491.9246001836168,0.0038021202,0.030695675
Cargo,1455.2971940429757,0.0029219436,0.030160286
Cargo,1420.6147070422344,0.002393764,0.029810512
Cargo,1378.2616649600589,0.0018977477,0.029850194
Cargo,733.642286054233,0.0005347561,0.032445036
Cargo,592.8578738841617,0.00013802422,0.029724931
Cargo,575.5855328626023,0.00011897794,0.029434899
Cargo,530.3069970371539,9.147473e-05,0.02918084
Cargo,544.1992804934525,0.00010029592,0.029277686
Cargo,543.2013104036183,0.000100769415,0.029335147
Cargo,541.0707798086054,9.097092e-05,0.029150814
Cargo,504.65412262026524,7.580395e-05,0.028989092
Cargo,465.5811367342018,6.4405875e-05,0.02924175
Cargo,456.67839811976324,5.814508e-05,0.029290982
Cargo,466.90172671956145,5.8624097e-05,0.02904106
Cargo,684.1721965537936,0.00039065114,0.03097319
Cargo,448.8197711749532,6.3227555e-05,0.029186454
Cargo,703.005178575461,0.00035000427,0.030368427
Cargo,680.8060115323011,0.00030138993,0.029956793
Cargo,595.5920949222211,0.00019499441,0.0300231
Cargo,592.7132286830781,0.00017223359,0.029757863
Cargo,589.7780123073429,0.00015692486,0.029384805
Cargo,606.8297703928398,0.00016870194,0.029730992
Cargo,588.0720054140984,0.00013774396,0.029555708
Cargo,818.3171075237628,0.00023666736,0.02943765
Cargo,988.5178950543154,0.0006665578,0.029692277
Cargo,1017.5087604119753,0.00082975073,0.030082392
Cargo,1007.5386121634263,0.00089805975,0.030121867
Cargo,995.884348371072,0.0009325027,0.030283814
Cargo,962.5815241444706,0.00089639256,0.030325938
Cargo,900.0254613880976,0.00076253567,0.030443061
Cargo,959.8213365547684,0.0009076203,0.03047843
Cargo,948.3955822214925,0.0008206895,0.030322948
Cargo,906.3562818172279,0.00068490015,0.030259732
Cargo,838.9852016639732,0.00051844853,0.029840613
Cargo,827.3768519575353,0.0002606074,0.029442254
Cargo,819.6760436251406,0.0002593899,0.029484697
Cargo,855.4999895153176,0.00031393734,0.029428415
Cargo,842.3793055171942,0.00032179643,0.029381914
Cargo,866.5184178527377,0.00038385848,0.029510273
Cargo,942.4687919208781,0.00048455072,0.029531833
Cargo,901.5428147964249,0.00044832646,0.029606737
Cargo,970.1059787579494,0.0006175425,0.02976167
Cargo,942.2865410737121,0.0003905381,0.028751958
Cargo,923.6433895269257,0.0003943534,0.02882428
Cargo,900.8382841262902,0.0004422647,0.028368002
Cargo,877.121151106899,0.00038893055,0.02830987
Cargo,856.9347004085184,0.00034047395,0.028161192
Cargo,845.4820611616328,0.00030880905,0.028692361
Cargo,841.3112179581626,0.0003265313,0.028568292
Cargo,840.9555748869234,0.00028982662,0.028703056
Cargo,872.9469571875451,0.0002961498,0.028591756
Cargo,867.556057697893,0.00027088902,0.02902663
Cargo,844.3263553125345,0.0002528853,0.028922167
Cargo,932.072931604481,0.00038580975,0.02867042
Cargo,797.9950900273363,0.00025505427,0.02860938
Cargo,898.7802428714592,0.00035949357,0.02920236
Cargo,874.2608225547791,0.00035155815,0.028485069
Cargo,892.7659483341622,0.00036625838,0.02927302
Cargo,916.8083995487284,0.00037364222,0.028865082
Cargo,934.0990525695552,0.00039746833,0.028768545
Cargo,891.5389213212013,0.00034085088,0.028996507
Cargo,907.1537419086792,0.00036319077,0.028452609
Cargo,759.3947172768758,0.0002318717,0.029664285
Cargo,702.3017180788579,0.00017512939,0.029671751
Cargo,704.8246147682814,0.00018400564,0.029664204
Cargo,675.1621152312808,0.00016336168,0.029649844
Cargo,676.506922791944,0.00016043894,0.02952003
Cargo,706.1519363641103,0.00017135979,0.029633492
Cargo,740.3716760449265,0.00019946403,0.029655835
Cargo,746.1202122626092,0.00020361591,0.029584056
Cargo,720.0712866346037,0.00019440847,0.029721025
Cargo,701.5175452076154,0.00017541846,0.029820396
Cargo,719.5287101878649,0.00018689029,0.029640457
Cargo,707.6584570329885,0.00019477402,0.029555744
Cargo,749.7451054778961,0.00022170143,0.02962207
Cargo,709.2041038945141,0.00019274546,0.029647376
Cargo,756.3653762831038,0.0002293344,0.029432958
Cargo,777.8307799411774,0.00023937701,0.029502193
Cargo,739.5148658646808,0.00020592767,0.02971295
Cargo,749.837781316941,0.0002190062,0.029461663
Cargo,757.9440357408176,0.0002370457,0.029725295
Cargo,706.4427281541098,0.00018333725,0.029652739
Cargo,430.9566088619049,8.845121e-05,0.030448675
Cargo,634.5935722660754,0.0006060043,0.039801557
Cargo,754.6789589998297,0.0010263332,0.041184556
Cargo,803.5365313772498,0.0012491726,0.041787047
Cargo,685.0617526162008,0.0007423378,0.040882014
Cargo,844.9481098531543,0.0013404303,0.04439199
Cargo,687.2169698767639,0.0006719796,0.03903641
Cargo,659.2438334641402,0.00051593676,0.035802096
Cargo,661.58944910519,0.00048411917,0.035439115
Cargo,645.0237084112778,0.0003571715,0.032432385
Cargo,649.1473008204881,0.00032317254,0.031477883
Cargo,420.62399379937716,8.7351036e-05,0.030457119
Cargo,428.61130800343454,9.610212e-05,0.031212414
Cargo,681.88212210936,0.0003919728,0.03130834
Cargo,583.6969056623565,0.00031829713,0.032220412
Cargo,458.12124465356476,0.00015439726,0.032999508
Cargo,685.5390301857055,0.0005653188,0.03494023
Cargo,584.9804736560444,0.00036857653,0.03501239
Cargo,577.1474858599829,0.00038710822,0.03714808
Fishboat,2138.228766345878,0.07347994,0.03653239
Fishboat,2043.7335677617475,0.061071366,0.06718963
Fishboat,1952.5270446591528,0.057278723,0.050885703
Fishboat,1910.5860651141106,0.04619682,0.05860005
Fishboat,2078.0568611250533,0.063023426,0.05901394
Fishboat,2134.959347963929,0.07644622,0.038971588
Fishboat,2118.7104575395156,0.07450053,0.04069533
Fishboat,1860.537465063938,0.04408254,0.062086295
Fishboat,1826.0474646382484,0.043290712,0.07498763
Fishboat,1684.5531714680258,0.025200333,0.102024004
Fishboat,1695.1467605469345,0.024746649,0.11261364
Fishboat,1756.8796231402957,0.030022971,0.11607359
Fishboat,1801.2069613044441,0.03522502,0.10905474
Fishboat,1858.5164265066353,0.042539053,0.09338839
Fishboat,1986.93330391263,0.048524376,0.039172012
Fishboat,1597.8238493118884,0.016982883,0.057453703
Fishboat,1605.7987662815317,0.025053278,0.043517023
Fishboat,1679.7184140804632,0.029985739,0.041287784
Fishboat,1859.2175344462698,0.045837723,0.03210505
Fishboat,1864.089507610652,0.045397826,0.03128017
Fishboat,1982.9674612055035,0.06457938,0.022592643
Fishboat,2043.470535223797,0.061510548,0.03178861
Fishboat,1872.3457880771407,0.036451023,0.042931564
Fishboat,1917.8871659554463,0.054963674,0.032750346
Fishboat,1719.5936947552166,0.03650138,0.04092199
Fishboat,1667.5647679051021,0.03194283,0.04427469
Fishboat,1664.4855772962374,0.02955947,0.04529764
Fishboat,1631.182704123807,0.018786738,0.059381235
Fishboat,1648.10749606934,0.015795419,0.061694004
Fishboat,2115.04386979873,0.07614203,0.044045124
Fishboat,2112.275260529889,0.0742024,0.043881398
Fishboat,2124.449579153183,0.06773492,0.043017965
Fishboat,2131.7626293682106,0.066439345,0.0356991
Fishboat,2015.7487549150412,0.05831905,0.035325475
Fishboat,2216.3351845966977,0.08272142,0.02837436
Fishboat,2859.3265666828524,0.12611255,0.03356487
Fishboat,2535.190767848972,0.097778544,0.1470978
Fishboat,2761.9128819672515,0.15169859,0.11420972
Fishboat,2704.7270560673774,0.13183942,0.10172535
Fishboat,2678.6898561220023,0.1233099,0.082939625
Fishboat,2799.5479728347404,0.16065419,0.046705667
Fishboat,2717.619030489935,0.14812198,0.03879831
Fishboat,2691.8252454144044,0.14110711,0.031760897
Fishboat,2790.2851681095376,0.14262517,0.03326838
Fishboat,2805.3810798273903,0.1512697,0.033417434
Fishboat,2649.4234266986123,0.09660855,0.038472522
Fishboat,2470.092813512878,0.08573363,0.043973997
Fishboat,2190.4272572963223,0.06740462,0.047241997
Fishboat,2335.9887504228263,0.073952846,0.058100324
Fishboat,2452.987177813391,0.08403241,0.061502762
Fishboat,2296.0210321037084,0.061491836,0.08518669
Fishboat,2257.2914559833644,0.05839212,0.12903349
Fishboat,2403.819134086921,0.07800604,0.14851487
MotorBoat,1411.9555505135813,0.015022585,0.0082484735
MotorBoat,1694.605577338587,0.026506804,0.00872774
MotorBoat,1782.7540701708779,0.035948295,0.007925601
MotorBoat,1928.6155063097958,0.06086433,0.012300278
MotorBoat,2188.0052328219203,0.07236329,0.01065952
MotorBoat,1707.784754632104,0.034074053,0.008876307
MotorBoat,1749.0266476509705,0.03811844,0.007881909
MotorBoat,2953.0003480303053,0.21771753,0.010494598
MotorBoat,2794.7000519227745,0.16969152,0.02813067
MotorBoat,2388.108529346118,0.09438279,0.00881538
MotorBoat,2195.602363038792,0.07822273,0.005479492
MotorBoat,2698.1594855611393,0.1121555,0.006402266
MotorBoat,3122.8464995291006,0.15578291,0.008208611
MotorBoat,3142.6854501354537,0.18471783,0.008852657
MotorBoat,2877.2822136256104,0.16006352,0.010125766
MotorBoat,2788.5645869669265,0.16382916,0.007841619
MotorBoat,2471.23821275881,0.12424615,0.005559366
MotorBoat,2533.891515521962,0.1419775,0.0044430695
MotorBoat,2415.4915218476112,0.11912105,0.003553715
MotorBoat,2302.3949211811887,0.08558886,0.025184851
MotorBoat,2327.1043319542105,0.09389367,0.02240509
MotorBoat,2186.193878212256,0.07116818,0.02499441
MotorBoat,2187.4645094275916,0.06835564,0.02467037
MotorBoat,2174.8787859463646,0.06547473,0.022502229
MotorBoat,2159.4849783121654,0.07009049,0.021377925
MotorBoat,2089.4654331377797,0.063126646,0.02075355
MotorBoat,1948.9924291521481,0.056443248,0.033918668
MotorBoat,2162.9378154812675,0.07383884,0.04013608
MotorBoat,1780.3565832753757,0.05520313,0.03350876
MotorBoat,2217.1297991235756,0.08057233,0.04134031
MotorBoat,2284.675260951939,0.08984906,0.048537795
MotorBoat,2314.0842788611017,0.08769719,0.054371696
MotorBoat,2279.0867733491573,0.07814941,0.05373811
MotorBoat,2141.322694478851,0.072967194,0.050920997
MotorBoat,2160.620401143012,0.07253185,0.045075774
MotorBoat,2033.4675675986414,0.05946835,0.047275834
MotorBoat,1906.735626325078,0.044804785,0.052012872
MotorBoat,2261.730960037139,0.07791979,0.01793041
MotorBoat,2492.3085590953706,0.08506201,0.04343445
MotorBoat,2358.194703112178,0.07971249,0.043649882
MotorBoat,2115.1691211402963,0.058691703,0.048554026
MotorBoat,2179.402994444217,0.074229114,0.045395344
MotorBoat,2211.967232500312,0.07337324,0.01862443
MotorBoat,2205.803854873785,0.07387017,0.019844653
MotorBoat,2371.537435261948,0.08494569,0.023104923
MotorBoat,2207.6575884866606,0.06066858,0.028676795
MotorBoat,2329.641058590489,0.071419284,0.031620488
MotorBoat,2441.2210589650335,0.07913008,0.033971634
MotorBoat,2492.3814432330137,0.084064715,0.03718085
MotorBoat,2570.414665981321,0.09957272,0.03811376
MotorBoat,2959.3437213732464,0.16857032,0.011784646
MotorBoat,2863.968960551755,0.07987208,0.03783591
MotorBoat,2622.9634443395203,0.07939616,0.026229087
MotorBoat,2455.4970109747264,0.057829104,0.022844622
MotorBoat,3068.6846188749005,0.19232255,0.010621336
MotorBoat,3039.210482592339,0.17628501,0.017895881
MotorBoat,3348.337902805839,0.19711918,0.022284033
MotorBoat,3442.008029459745,0.20758688,0.030736204
MotorBoat,3122.6123921550175,0.14428067,0.05907563
MotorBoat,3052.093997899392,0.15911914,0.070441455
MotorBoat,2763.8910652495433,0.09163389,0.08125244
MotorBoat,3100.6119528284107,0.15684931,0.041769307
MotorBoat,2078.735198716839,0.06495625,0.042659953
MotorBoat,1823.4535438891141,0.039784495,0.046019673
MotorBoat,2622.8719894478727,0.10624208,0.041631483
MotorBoat,3175.1997918893367,0.11505751,0.059556052
MotorBoat,3160.0311753721976,0.09895976,0.07995635
MotorBoat,3121.678136859411,0.09493723,0.092057966
MotorBoat,2860.779660577689,0.053877883,0.10730829
MotorBoat,2333.079173198691,0.035440944,0.09563044
MotorBoat,2106.449220740466,0.038022514,0.06317825
MotorBoat,1920.0687074516097,0.047681272,0.056519657
MotorBoat,2896.3499893487297,0.17151903,0.027233185
MotorBoat,2198.7608970207652,0.086092286,0.028674858
MotorBoat,2859.4987854416686,0.17204231,0.030734403
MotorBoat,2942.4102048172263,0.14756104,0.04228459
MotorBoat,3080.199035085188,0.1440106,0.053703297
MotorBoat,3309.533263014985,0.1586458,0.07712614
MotorBoat,3378.840456224258,0.1906747,0.07475896
MotorBoat,3358.593608329226,0.14753294,0.15089513
MotorBoat,3076.748445596686,0.13909303,0.10513206
MotorBoat,2679.971971043335,0.11715495,0.052664436
MusselBoat,1509.7404809115376,0.021832552,0.056015808
MusselBoat,1457.9424331293205,0.020376166,0.05481862
MusselBoat,1816.0411547092704,0.039965566,0.009574721
MusselBoat,2316.9542541666665,0.085917264,0.03126361
MusselBoat,2227.212834876465,0.072561175,0.03820071
MusselBoat,2338.7207466044733,0.088050075,0.050946485
MusselBoat,2485.1503209213515,0.11885541,0.05001575
MusselBoat,2427.2315260897567,0.11256271,0.055705056
MusselBoat,2206.7040838630132,0.07805329,0.05366569
MusselBoat,2405.3844903562645,0.10245194,0.06477801
MusselBoat,2531.8882262662273,0.12324754,0.06179889
MusselBoat,2481.0157804708633,0.10663839,0.06545772
MusselBoat,2374.818560369122,0.09712141,0.063590184
MusselBoat,1874.018947503804,0.045412607,0.010937098
MusselBoat,2185.629444602362,0.075805105,0.059780743
MusselBoat,2068.2804449476657,0.06002263,0.055179924
MusselBoat,1964.3383284860452,0.050636068,0.04739921
MusselBoat,1853.559950110455,0.041092627,0.040115654
MusselBoat,1669.468735560529,0.029657863,0.035924286
MusselBoat,1677.2410931387758,0.026965924,0.031999733
MusselBoat,1793.4679382651927,0.03437984,0.026519042
MusselBoat,1821.640529836824,0.038107198,0.022178411
MusselBoat,1906.901797827116,0.049300764,0.011649876
MusselBoat,1847.019873310788,0.050070614,0.009198778
MusselBoat,2006.9251400424569,0.054894872,0.01181769
MusselBoat,1616.4119632371148,0.032107085,0.011028293
MusselBoat,1536.3824865228262,0.02493417,0.009319198
MusselBoat,1608.7772591127464,0.029130269,0.009897072
MusselBoat,1962.871613810752,0.050758153,0.0137711335
MusselBoat,2008.3993902590773,0.053246543,0.015004953
MusselBoat,2062.546085433708,0.056676377,0.016849572
MusselBoat,2097.845364882235,0.05268894,0.019434335
MusselBoat,2241.1117914751685,0.08330611,0.022360759
MusselBoat,2348.936626139405,0.09208295,0.027274184
MusselBoat,1753.6892538704294,0.028988287,0.03617126
MusselBoat,1598.1577767879307,0.024552066,0.03605564
MusselBoat,1552.8743023347963,0.020412529,0.04205884
MusselBoat,1589.663442899928,0.019189082,0.046793178
MusselBoat,1656.2592194052588,0.022620324,0.047443215
MusselBoat,1648.7315167496238,0.022968857,0.04570206
MusselBoat,1598.4896704126313,0.018154752,0.05398807
MusselBoat,1625.3259264369508,0.018234333,0.060163055
MusselBoat,1625.5615878720248,0.016720563,0.067116156
MusselBoat,1796.4660793846222,0.05413989,0.0022574794
MusselBoat,1624.7312209873512,0.028805243,0.01291733
MusselBoat,1485.9667731198217,0.020746706,0.008236512
MusselBoat,1392.160150206023,0.017355042,0.005205922
MusselBoat,1369.3480250784162,0.016994966,0.0041507096
MusselBoat,1254.7780148532972,0.012234552,0.004446241
MusselBoat,1492.4553904779648,0.024793023,0.0024696742
MusselBoat,1412.1850689753971,0.021939332,0.0019088762
MusselBoat,1308.250335321343,0.016949058,0.0018378398
MusselBoat,1761.0414009577257,0.050007343,0.0025465295
MusselBoat,1746.1466860805301,0.04877962,0.0029399714
MusselBoat,1774.749109672097,0.05044545,0.0035098817
MusselBoat,1773.1698804179957,0.04972917,0.0045130285
MusselBoat,1830.7806121211777,0.05149408,0.0070640943
MusselBoat,1863.5461234075917,0.052460205,0.014052589
MusselBoat,1907.8427117195497,0.052150093,0.06438918
MusselBoat,1686.0193477440753,0.032113906,0.03932122
MusselBoat,1798.0868049019225,0.022503885,0.116409704
MusselBoat,2235.801827196176,0.0632201,0.13712667
MusselBoat,1940.9687644149458,0.02894237,0.18008721
MusselBoat,1986.5182330558894,0.040459797,0.13871273
MusselBoat,1859.3119531706996,0.034563802,0.12500404
MusselBoat,1835.5721352629932,0.03309454,0.12794717
MusselBoat,1924.3726916614512,0.03727726,0.10697812
MusselBoat,1928.687504533183,0.035206012,0.10834738
MusselBoat,1752.5727982592914,0.021069309,0.12581973
MusselBoat,1846.609511411658,0.026130715,0.121475086
MusselBoat,1924.3203642572028,0.02552478,0.14246602
MusselBoat,1776.4912976702242,0.020736523,0.16199765
MusselBoat,1951.5952559960333,0.03870069,0.15109932
MusselBoat,1852.1535570920005,0.031442415,0.16512537
MusselBoat,1876.3356488394452,0.034630116,0.1672093
MusselBoat,1981.580711489727,0.044969417,0.12699541
Natural ambient noise,2457.8435461962326,0.14824277,0.011354971
Natural ambient noise,2448.8634305003625,0.13899426,0.011844052
Natural ambient noise,2613.8233972987478,0.16596265,0.010991599
Natural ambient noise,3135.5756495441383,0.17591467,0.020940958
Natural ambient noise,2798.2153405465765,0.22120176,0.0031775278
Natural ambient noise,2744.369263972467,0.20337796,0.009100464
Natural ambient noise,2734.4462763243223,0.20236789,0.009741844
Natural ambient noise,2708.968106619548,0.19122785,0.010909634
Natural ambient noise,2813.061334478599,0.20470275,0.01201934
Natural ambient noise,2601.366325569661,0.17451005,0.009546254
Natural ambient noise,2629.5826880513323,0.18114081,0.009174644
Natural ambient noise,2745.437824583542,0.19450876,0.011182517
Natural ambient noise,2547.7186668797854,0.16498345,0.0101186475
Natural ambient noise,2878.758988387129,0.23504536,0.009931033
Natural ambient noise,2920.4720246904817,0.23405306,0.014868302
Natural ambient noise,2812.444501853342,0.22340086,0.011938543
Natural ambient noise,2891.3484478567557,0.23091851,0.016638367
Natural ambient noise,2763.065330171614,0.23863707,0.002494526
Natural ambient noise,2885.890988080281,0.22699131,0.01302065
Natural ambient noise,2950.498484470022,0.2342247,0.013469071
Natural ambient noise,2823.532078089162,0.22420318,0.011489518
Natural ambient noise,2909.561435736912,0.23836246,0.010586817
Natural ambient noise,2776.6481014126507,0.21465157,0.009789992
Natural ambient noise,2790.5680717003106,0.21679404,0.009348394
Natural ambient noise,2856.5569799249192,0.22212483,0.010796763
Natural ambient noise,2896.206228677057,0.22578245,0.015196444
Natural ambient noise,3066.785997008773,0.26000085,0.013732459
Natural ambient noise,3036.3394223553405,0.2664675,0.010665316
Natural ambient noise,3023.1761647076314,0.25474024,0.015699826
Natural ambient noise,2947.6233710281126,0.25462776,0.012134284
Natural ambient noise,2612.08168032757,0.2901649,0.002199875
Natural ambient noise,2984.643970583573,0.25360575,0.009788245
Natural ambient noise,3054.6199796002525,0.25716737,0.011617149
Natural ambient noise,3057.88286072078,0.26457125,0.012729298
Natural ambient noise,3022.652370657062,0.25325644,0.015034386
Natural ambient noise,2961.157074043621,0.24003148,0.010137541
Natural ambient noise,2934.0168983860167,0.23718867,0.010272464
Natural ambient noise,3130.10931859757,0.26989594,0.012410401
Natural ambient noise,3095.2953676321376,0.26021883,0.016515825
Natural ambient noise,3274.407923893695,0.2260006,0.0027802093
Natural ambient noise,3359.719796501381,0.24503124,0.0029938682
Natural ambient noise,3370.5588336737674,0.25512153,0.0030864293
Natural ambient noise,3297.339542252276,0.24083383,0.0028718149
Natural ambient noise,3620.915462339383,0.4042586,0.00060538494
Natural ambient noise,3238.4440566727326,0.23071982,0.0031458489
Natural ambient noise,3383.4849519797044,0.24784218,0.0026131324
Natural ambient noise,3191.066774944732,0.22328109,0.0027824028
Natural ambient noise,3357.8519262470136,0.24523833,0.0027128437
Natural ambient noise,3312.1446535738437,0.23204401,0.0027449552
Natural ambient noise,3172.589835128125,0.21820463,0.002581736
Natural ambient noise,3249.926631192602,0.24461414,0.002606259
Natural ambient noise,3275.1682502404674,0.22629823,0.0029692708
Natural ambient noise,3105.3170614990245,0.10043488,0.00018672824
Natural ambient noise,3409.598401029524,0.10515577,0.00015647864
Natural ambient noise,3385.9539996457543,0.10570129,0.0001647555
Natural ambient noise,3504.9975712402284,0.111368306,0.000169325
Natural ambient noise,3726.5370661608617,0.12226501,0.0001705846
Natural ambient noise,3768.398422908134,0.13576438,0.00017188062
Natural ambient noise,3644.792164016826,0.13353734,0.00016770005
Natural ambient noise,3542.0521941933685,0.12237662,0.00016543042
Natural ambient noise,3628.2271157323885,0.13547593,0.00025290475
Natural ambient noise,3045.1409641754785,0.15516333,0.0012029276
Natural ambient noise,3030.600445131801,0.14418276,0.0013810465
Natural ambient noise,2841.19242868064,0.07583195,0.0017456629
Natural ambient noise,2994.4970623937743,0.13250943,0.0013147551
Natural ambient noise,2822.770407031026,0.07189016,0.0017690453
Natural ambient noise,3019.844913325813,0.10649148,0.0016687851
Natural ambient noise,2978.9615240305598,0.124236315,0.0013425527
Natural ambient noise,3088.300721891309,0.13647135,0.0016045325
Natural ambient noise,2907.357282512776,0.092107646,0.0016279344
Natural ambient noise,2968.815326617736,0.11026096,0.0015332537
Natural ambient noise,3777.1973080891994,0.18530478,0.013763037
Natural ambient noise,3489.142305218581,0.2406687,0.007602252
Natural ambient noise,3750.2797604233297,0.2519262,0.009558038
Natural ambient noise,3588.9629660464984,0.2769515,0.0073263897
Natural ambient noise,3286.167748576276,0.2785062,0.0054526865
Natural ambient noise,3365.105262752139,0.26689816,0.006413891
Natural ambient noise,3416.9042352902675,0.2520564,0.006828622
Natural ambient noise,3582.671064352879,0.24750715,0.0072986432
Natural ambient noise,3420.424595800843,0.23760487,0.0073355385
Natural ambient noise,3448.3702571272156,0.24246825,0.0076924236
Natural ambient noise,3283.4508665605526,0.16851321,0.00019313712
Natural ambient noise,3410.409362366768,0.17056037,0.00019224935
Natural ambient noise,3620.837867061563,0.17956887,0.0002124475
Natural ambient noise,3349.60897337839,0.176141,0.00019839057
Natural ambient noise,3311.7355783657304,0.16272342,0.0001870555
Natural ambient noise,3208.27012151408,0.14696579,0.00018022482
Natural ambient noise,3165.885666024265,0.15017459,0.00018497006
Natural ambient noise,3151.3978264519606,0.14848267,0.00018688575
Natural ambient noise,3254.320198782437,0.15197563,0.00020244898
Natural ambient noise,3223.4212674875816,0.14209284,0.00018918877
Natural ambient noise,2712.3249997043595,0.08640387,0.0034022308
Natural ambient noise,2994.676931702926,0.14017312,0.0028902132
Natural ambient noise,2719.896746082513,0.086870916,0.0034397026
Natural ambient noise,2861.502196437286,0.101305224,0.0036320759
Natural ambient noise,2813.8895249803254,0.09456214,0.0035696975
Natural ambient noise,2749.5943029948435,0.09452999,0.003040945
Natural ambient noise,2703.169382731088,0.10081293,0.0028647117
Natural ambient noise,2894.423652519825,0.13003306,0.0027366458
Natural ambient noise,3043.535223069766,0.15606475,0.0025939082
Natural ambient noise,2965.833481147824,0.13100903,0.0027404325
Natural ambient noise,2519.63115098082,0.05300588,0.013807495
Natural ambient noise,2686.938655003681,0.06776896,0.012465246
Natural ambient noise,2663.7489568131436,0.07516029,0.013826873
Natural ambient noise,2708.751673552123,0.08467119,0.012762727
Natural ambient noise,2619.876466650386,0.07860852,0.013093918
Natural ambient noise,2550.020989691805,0.06248247,0.015167413
Natural ambient noise,2525.836089385754,0.0608004,0.014081542
Natural ambient noise,2578.513008053101,0.06890081,0.015678652
Natural ambient noise,2661.703153684771,0.094202965,0.014483028
Natural ambient noise,2634.2055368464285,0.0856335,0.012761089
Natural ambient noise,2603.027057524434,0.1615466,0.011013939
Natural ambient noise,2581.3673524996875,0.15971324,0.011201805
Natural ambient noise,2477.265849258064,0.13608648,0.012479346
Natural ambient noise,2483.855309819577,0.1350915,0.012880846
Natural ambient noise,2807.1357312470554,0.16005376,0.0054021645
Natural ambient noise,2739.4825038651106,0.14678074,0.0051906677
Natural ambient noise,2677.3578803918476,0.13966502,0.004933684
Natural ambient noise,2763.8486202283507,0.13578162,0.006109148
Natural ambient noise,2825.577052909229,0.18039104,0.0047863415
Natural ambient noise,2744.3120094581377,0.14813031,0.005124534
Natural ambient noise,2891.888956978612,0.19184469,0.0040671257
OceanLiner,2437.3269854181617,0.068066,0.0012825038
OceanLiner,1586.1494345486926,0.028513394,0.0028233444
OceanLiner,1507.7718033705937,0.02340241,0.002238887
OceanLiner,1501.363939999925,0.024274003,0.0021284092
OceanLiner,1507.2462985493885,0.02647087,0.001965986
OceanLiner,1469.7149925901217,0.023694962,0.0017337451
OceanLiner,1358.7457290521972,0.01694404,0.0016292189
OceanLiner,1241.9074119767565,0.012965612,0.0018014843
OceanLiner,1225.2347422006217,0.01030347,0.0018157491
OceanLiner,1922.5447685725862,0.040599998,0.0017351685
OceanLiner,1814.8195389917487,0.031208867,0.0046779304
OceanLiner,1553.6710974726225,0.016651627,0.0070131943
OceanLiner,1545.7274525347793,0.016213791,0.007625394
OceanLiner,1679.4128606085462,0.023353504,0.006115676
OceanLiner,1838.8113804105938,0.026886059,0.005801368
OceanLiner,1895.0687697976762,0.04165668,0.003851497
OceanLiner,1813.4052995967354,0.05437459,0.0022613788
OceanLiner,2302.174147913393,0.041704793,0.015306319
OceanLiner,1673.9653118898086,0.02275774,0.037152518
OceanLiner,1481.3215479030941,0.016038498,0.045328066
OceanLiner,1506.2382531837552,0.017038394,0.045379665
OceanLiner,1468.9877672585635,0.015190874,0.039316036
OceanLiner,1799.4403208292126,0.020205729,0.01709802
OceanLiner,1389.8936989969625,0.011668241,0.0058293594
OceanLiner,2065.2541492100295,0.048692174,0.039884377
OceanLiner,1552.0280339817537,0.014952273,0.070968404
OceanLiner,1594.2396227178156,0.016751586,0.070317216
OceanLiner,1655.463699564744,0.01853504,0.0703397
OceanLiner,1638.8062532800095,0.017199183,0.06975093
OceanLiner,2894.900008615283,0.13500799,0.009166133
OceanLiner,2415.329735298209,0.09413319,0.019602936
OceanLiner,2421.9701125259858,0.09185078,0.02197265
OceanLiner,2482.1908436944714,0.11419785,0.022994712
OceanLiner,2430.4273444681203,0.10234416,0.023105541
OceanLiner,2393.215717617441,0.09497722,0.022275858
OceanLiner,2321.759022766493,0.0743497,0.024029894
OceanLiner,2969.7686247603124,0.099373996,0.0118758995
OceanLiner,2952.639748111484,0.09958578,0.012666708
OceanLiner,3004.456777936108,0.10770759,0.0125599215
OceanLiner,2839.902033184703,0.10547745,0.012903649
OceanLiner,2893.990942264859,0.11584565,0.014056747
OceanLiner,2667.7983229714373,0.099281326,0.017726334
OceanLiner,2437.100863853596,0.07732043,0.02108145
OceanLiner,2375.2477854195918,0.08128643,0.020332811
OceanLiner,1226.3066654649176,0.009967361,0.033794377
OceanLiner,1204.2954920115428,0.007991333,0.089798145
OceanLiner,1226.992752339457,0.0090920245,0.092469715
OceanLiner,1298.3516626472187,0.011565378,0.10064138
OceanLiner,1250.402477929616,0.010107932,0.10788165
OceanLiner,1332.536297612698,0.013240546,0.10631833
OceanLiner,1339.3872540922773,0.0149694355,0.09099354
OceanLiner,1293.5859143957382,0.01205607,0.1019262
OceanLiner,1187.6503682878954,0.008714484,0.1261395
OceanLiner,964.81044162746,0.0035526718,0.21164823
OceanLiner,976.4063890175958,0.0039747506,0.20557626
OceanLiner,1128.6969686561024,0.0068964637,0.045712497
OceanLiner,957.079358774815,0.003645147,0.18487252
OceanLiner,1035.767476781234,0.0047684396,0.18157561
OceanLiner,992.4461148207031,0.0043440657,0.16522339
OceanLiner,978.1228597438725,0.0043109884,0.15350945
OceanLiner,968.6782594941924,0.0041333926,0.13750313
OceanLiner,1075.2304752606406,0.00645125,0.093594484
OceanLiner,1171.9257605386547,0.008392528,0.07294058
OceanLiner,1226.5686659298278,0.010034556,0.06339429
OceanLiner,1212.258543278936,0.010352571,0.050958842
OceanLiner,1108.5647223353194,0.007949444,0.042959895
OceanLiner,1110.6536892201418,0.0065438207,0.04760784
OceanLiner,1080.1692465109447,0.007269291,0.05076685
OceanLiner,1034.4458110011685,0.0060242494,0.057811104
OceanLiner,873.3189579107058,0.0029302558,0.0768934
OceanLiner,875.2719605600233,0.0028720612,0.088179216
OceanLiner,854.4568285831115,0.0026502346,0.08123364
OceanLiner,890.7697319406938,0.0030635009,0.078536026
OceanLiner,947.5984239488768,0.003934642,0.07694139
OceanLiner,1022.7500999786221,0.005324484,0.056271527
OceanLiner,921.4800267477647,0.003327744,0.06941046
OceanLiner,990.6176359606542,0.0044325115,0.067788795
OceanLiner,1073.774476578511,0.0053355475,0.051107496
OceanLiner,1098.7157948885078,0.0071015474,0.04786726
OceanLiner,1170.7875511706034,0.00959843,0.03186428
OceanLiner,995.1483951034752,0.004545444,0.06568455
OceanLiner,980.7371928441191,0.0044600177,0.07200303
OceanLiner,893.9510319595033,0.003054394,0.08698463
OceanLiner,958.0102360747776,0.0036966808,0.094873935
OceanLiner,1076.4377132529046,0.0054143164,0.103462584
OceanLiner,1919.774728876777,0.05104774,0.059915636
OceanLiner,1864.6570153152127,0.05463926,0.08198747
OceanLiner,1882.492085421362,0.052108686,0.06830659
OceanLiner,1790.7788758036304,0.045622345,0.0684281
OceanLiner,1724.2413255851723,0.041319218,0.056451388
OceanLiner,1714.936787550054,0.03833465,0.06195592
OceanLiner,1951.6702419269336,0.04725879,0.0875738
OceanLiner,1984.6709151057105,0.05240169,0.105457515
OceanLiner,1980.3299575267608,0.048775762,0.13409615
OceanLiner,2084.399458223487,0.056114342,0.14381814
OceanLiner,2035.1411960934868,0.06120763,0.13463244
OceanLiner,2025.5814170658036,0.06736782,0.10598415
OceanLiner,2017.5415922397854,0.071855225,0.07841317
OceanLiner,1911.0686682199594,0.053265776,0.08367935
Passengers,1627.965856376747,0.016536156,0.002000023
Passengers,1946.1966200033032,0.05962279,0.046723187
Passengers,1616.8485284357805,0.029298944,0.031665895
Passengers,1919.3784596629034,0.052525494,0.05293546
Passengers,2022.4746646753308,0.060933452,0.05851374
Passengers,2050.2962607282657,0.055853534,0.06345379
Passengers,2194.700667946907,0.06722599,0.061769113
Passengers,2048.3310946821516,0.052569173,0.074263416
Passengers,2083.4254455365785,0.06516966,0.06785062
Passengers,2122.5710024527734,0.06889268,0.06387674
Passengers,2136.392854172038,0.07286194,0.06271642
Passengers,1932.145438500511,0.02394551,0.0026842153
Passengers,2147.439345036215,0.07742084,0.06171731
Passengers,2120.9467898028206,0.07435398,0.0635653
Passengers,2134.347019348498,0.076725565,0.06298638
Passengers,2103.4859556413917,0.07416966,0.06299483
Passengers,2089.7386231300165,0.07108632,0.06566553
Passengers,2096.752805885417,0.0714076,0.06541748
Passengers,2099.1675255051314,0.06988028,0.06423002
Passengers,2107.097713083372,0.07047032,0.06502876
Passengers,2085.6244370395593,0.068019055,0.06650615
Passengers,2093.101342868053,0.066538095,0.06699866
Passengers,1818.7066502795108,0.01877746,0.004100668
Passengers,1975.8965158135627,0.06003512,0.056649003
Passengers,1202.1792935512754,0.006106591,0.008952883
Passengers,1908.4821784402789,0.024240615,0.0045838812
Passengers,1613.0822912256258,0.025887048,0.0033457058
Passengers,1738.0984806629851,0.03733937,0.0035844848
Passengers,2011.3034320121133,0.055549372,0.04329786
Passengers,1504.692399097014,0.023934705,0.033310715
Passengers,1102.825001446199,0.0075219036,0.0075089918
Passengers,1197.764982068443,0.0059573497,0.008755385
Passengers,1201.8370236316428,0.006620084,0.008283198
Passengers,1186.416006194258,0.0058917366,0.008292779
Passengers,1209.9752440092257,0.0069920514,0.007877211
Passengers,1245.8913160600969,0.009248238,0.0078074713
Passengers,1212.4234329688352,0.0072160196,0.007971845
Passengers,2638.127695340414,0.15755631,0.0016686051
Passengers,1427.8873379896943,0.012948187,0.0017631185
Passengers,1855.5277385799507,0.056478184,0.009044774
Passengers,1496.1140274725778,0.018116243,0.011805489
Passengers,1113.046646398552,0.008407564,0.012977912
Passengers,1373.390067387235,0.0135277575,0.007956323
Passengers,1060.5984983472333,0.0042217434,0.010879919
Passengers,1067.5261734422484,0.0066758734,0.00207008
Passengers,1379.5513687128107,0.012437896,0.0017179841
Passengers,1437.465817167081,0.014737656,0.0018001136
Passengers,1491.546135132658,0.015795661,0.0022412278
Passengers,1509.6245667576275,0.014003988,0.0025042507
Passengers,1510.1516644836943,0.0145210745,0.002602752
Passengers,1527.8072648081197,0.01571526,0.0026825273
Passengers,1436.8051692108686,0.016349826,0.0029063215
Passengers,1384.9098407171523,0.012322465,0.0029292488
Passengers,1698.7959205749357,0.027930748,0.013532691
Passengers,1402.4803651860336,0.01661127,0.024489421
Passengers,1055.407886871793,0.0054933066,0.011069832
Passengers,1392.7197173646484,0.020097641,0.008539836
Passengers,1850.4868506045582,0.060090598,0.005866579
Passengers,2234.177206822838,0.09280404,0.0015046705
Passengers,1941.055707983924,0.0637231,0.0010685693
Passengers,1860.4263169060164,0.042296067,0.0008234665
Passengers,1733.4507729497109,0.028207347,0.014686021
Passengers,1840.3949685620832,0.03174594,0.017944658
Passengers,1831.966229757077,0.032475103,0.018926464
Passengers,1869.578475828857,0.03577807,0.01824904
Passengers,1823.044882679745,0.034713537,0.017768709
Passengers,1773.6965133051644,0.033334434,0.017566334
Passengers,1991.7789726552862,0.06515799,0.021137431
Passengers,2131.601692585936,0.08043293,0.030432448
Passengers,1758.4049964067258,0.028328283,0.0029556903
Passengers,1454.2500333097662,0.015927585,0.0042304415
Passengers,1392.7795526037917,0.012380585,0.0037064578
Passengers,1257.360023235749,0.0076937256,0.004837295
Passengers,1382.034350301845,0.010905716,0.0054056086
Passengers,1227.9269214496965,0.0073772743,0.006055794
Passengers,1179.9145494146471,0.0061047324,0.007005464
Passengers,1172.6562296653167,0.0067415102,0.0042736507
Passengers,1842.4868801934535,0.033097733,0.0013919905
Passengers,2399.713486988572,0.10847101,0.011936754
Passengers,2075.106073746674,0.06771979,0.013544046
Passengers,2618.342508024243,0.09788417,0.0036553347
Passengers,2249.908829324828,0.06736435,0.0010870674
Passengers,1771.5603112424249,0.030174607,0.00090527214
Passengers,2475.620489451602,0.13650244,0.01097861
Passengers,2578.363794773434,0.15583673,0.005152583
Passengers,2639.787617816592,0.16935028,0.0047570462
Passengers,2635.7358825740607,0.16544215,0.0049334625
Passengers,2491.667606642618,0.13962024,0.013288227
Passengers,2178.9818690876086,0.09202991,0.021753563
Passengers,1858.8425728495533,0.049837735,0.022846075
Passengers,1415.7374477919313,0.019077295,0.012990364
Passengers,1490.8109244969007,0.025414571,0.0013264343
Passengers,1287.172943611775,0.008763159,0.006455745
Passengers,1147.4583361629068,0.004532229,0.00867616
Passengers,1127.6257410094431,0.0043161847,0.009490114
Passengers,1146.7745211526897,0.0053536673,0.009900733
Passengers,1290.3163416209593,0.006570671,0.010172022
Passengers,1420.4380476274766,0.008576587,0.009593946
Passengers,1555.734400013458,0.012026236,0.008620719
Passengers,1873.7257853724045,0.021533107,0.008665714
Passengers,2007.322668104013,0.029968902,0.008056444
Passengers,2048.430683828886,0.033676006,0.008026751
Passengers,1569.426157717744,0.025283432,0.0011481999
Passengers,2200.7593592265316,0.043968946,0.008050245
Passengers,2134.9926757096855,0.048506435,0.006155553
Passengers,1389.5437174864119,0.012170025,0.0017890999
Passengers,1529.0661264862972,0.02544528,0.001028458
Passengers,1727.1581017949445,0.038020413,0.0052537136
Passengers,1486.6327910710386,0.020742903,0.003111985
Passengers,1123.3312883224517,0.0073174243,0.0055450983
Passengers,1184.4717226504138,0.010378958,0.0021422724
Passengers,1434.807754090006,0.016331352,0.003776056
Passengers,1598.643537836207,0.028193386,0.0014693545
Passengers,1666.9892163108009,0.031088833,0.00137284
Passengers,1596.5680249053225,0.025481971,0.0012265133
Passengers,1659.8077236448978,0.029042594,0.0012716394
Passengers,1628.0943234424815,0.027731935,0.0012953186
Passengers,1603.964250889392,0.025408434,0.0012970045
Passengers,2554.609737015788,0.13683717,0.0040257657
Passengers,2123.964130846637,0.07256486,0.005329697
Passengers,1553.5717240481954,0.03184263,0.011578223
Passengers,1692.0148296880943,0.039989933,0.009406298
Passengers,2101.727998074684,0.0738242,0.009314571
Passengers,2140.630566641735,0.0713353,0.010829744
Passengers,1741.3747552372522,0.041525595,0.010427082
Passengers,1780.8824519995173,0.04500314,0.010656886
Passengers,1866.9349790115568,0.04856977,0.011583058
Passengers,2057.6694618230945,0.069613054,0.010913663
Passengers,1946.9107499090467,0.058960363,0.010119678
Passengers,2488.6627476135723,0.14161603,0.0041911276
Passengers,1917.9755694051987,0.054008532,0.010032412
Passengers,2007.3211562030795,0.063410334,0.010445904
Passengers,2245.5304936588327,0.08029637,0.00729025
Passengers,2399.4755604569973,0.11756956,0.0073652817
Passengers,2177.423891945744,0.08166634,0.009345407
Passengers,2118.962603809746,0.06926855,0.010647827
Passengers,2229.8596485164026,0.093208365,0.009121542
Passengers,1880.2982795801752,0.06319593,0.014509102
Passengers,1325.6392272787568,0.020556241,0.023541328
Passengers,1726.9490189501955,0.040054798,0.012227855
Passengers,2427.1257018465594,0.11563453,0.0063730795
Passengers,2130.048476172155,0.06669798,0.0039518443
Passengers,2362.0963249324204,0.095943175,0.003493482
Passengers,2433.8888723779155,0.103578925,0.004092983
Passengers,2598.6113093341633,0.1293088,0.0017163042
Passengers,2585.981266288286,0.14830334,0.0061128032
Passengers,2512.923999644938,0.10830228,0.00717104
Passengers,2616.5238354812436,0.14181879,0.0058924826
Passengers,2342.6720651934547,0.108626805,0.0051770876
Passengers,2753.6531683549965,0.15028965,0.0038491942
Passengers,2764.9087000678546,0.13764244,0.0038143392
Passengers,2354.743993919181,0.0744659,0.005286477
Passengers,2393.7482623322067,0.08489642,0.0045063337
Passengers,2233.426559025867,0.08929438,0.011420022
Passengers,3155.2291780910846,0.20866574,0.0057825255
Passengers,1961.8046150417822,0.049880136,0.016297277
Passengers,1355.64019467118,0.017704507,0.023093611
Passengers,1919.9619548325784,0.04111813,0.007536838
Passengers,2458.2286658627136,0.10612701,0.0057072816
Passengers,2426.2855932186835,0.12186193,0.0052507943
Passengers,2608.70842535263,0.1544784,0.005626163
Passengers,2697.538218506497,0.17268494,0.0084930835
Passengers,2976.8457211706236,0.21578561,0.010785659
Passengers,2293.6051040882867,0.10027276,0.0055239527
Passengers,2512.0180682231494,0.11345032,0.0055669476
Passengers,2305.2257301901473,0.07760797,0.0043834313
Passengers,2446.406454837752,0.10885743,0.00721049
Passengers,2000.134972363522,0.04844736,0.0065081357
Passengers,1985.6664179195698,0.038123038,0.00954777
Passengers,2054.2593643693303,0.046406012,0.0072220573
Passengers,1976.0089275139305,0.04721724,0.0071247667
Passengers,2363.812566023702,0.090554036,0.0067474977
Passengers,2482.0157205552096,0.11274456,0.007383814
Passengers,2673.6448528436504,0.13596584,0.008105075
Passengers,2185.1204460891663,0.0818642,0.011603982
Passengers,1860.7509116365666,0.05477864,0.017262805
Passengers,1924.8370615754686,0.06737586,0.010391185
Passengers,2256.111944278348,0.097248055,0.009423284
Passengers,2418.144207977403,0.122287,0.01025262
Passengers,2422.262471664884,0.13060427,0.009388857
Passengers,2528.642568709957,0.15607606,0.012729049
Passengers,2577.761920094374,0.16742297,0.0129698
Passengers,2596.8539143755283,0.1558527,0.011651155
Passengers,2518.6667323224074,0.14008845,0.016482588
Passengers,2276.723806417042,0.102193475,0.02134784
Passengers,1892.9260053122002,0.057206936,0.014767424
Passengers,2017.0465658374642,0.047802724,0.020652344
Passengers,2143.295657772578,0.045190703,0.028583651
Passengers,2123.758121857917,0.060832717,0.022896536
Passengers,1855.700955670391,0.040396333,0.014263761
Passengers,2012.567628091144,0.063524924,0.0054139323
Passengers,2110.953208870306,0.078040004,0.0067216945
Passengers,2277.523817715131,0.09206873,0.0054508527
Passengers,2237.146492797963,0.09169444,0.004738247
Passengers,2491.4221376526216,0.11926104,0.0028770645
Passengers,2393.570845451022,0.114381164,0.0027940155
Passengers,1447.30377534451,0.022057155,0.04817011
Passengers,1195.3042196228687,0.013065085,0.037101027
Passengers,1283.6917161511992,0.01729961,0.02494166
Passengers,1546.4743417004656,0.02787969,0.012963184
Passengers,1917.5892899202806,0.062243726,0.008408093
Passengers,1690.0160614670226,0.028355468,0.009984162
Passengers,1941.2965560618616,0.059761047,0.016977372
Passengers,2321.916654107239,0.10097034,0.029966936
Passengers,2610.8360715677627,0.14844455,0.0235326
Passengers,1555.7457435457318,0.02588195,0.04722987
Passengers,1476.6082913979483,0.023112703,0.04637353
Passengers,1606.6894104543546,0.03623437,0.037114754
Passengers,2103.2658166107335,0.046211146,0.050225534
Passengers,2561.8755989173915,0.15753968,0.07948987
Passengers,2429.973689945592,0.12675098,0.05993735
Passengers,2204.3508239621283,0.10098477,0.04146872
Passengers,1717.2391622958296,0.031244759,0.057139106
Passengers,2010.2878961610495,0.037490502,0.040241193
Passengers,1925.737233925517,0.04517353,0.0308051
Passengers,1747.6509090634129,0.03584933,0.022872087
Passengers,1639.9946455558406,0.030769702,0.02043899
Passengers,2273.6894634773003,0.06434767,0.048059244
Passengers,1982.5562535834617,0.04986151,0.049077798
Passengers,2255.7999492261615,0.08525649,0.04285314
Passengers,2267.528775436902,0.103207156,0.047263
Passengers,2288.1216143961215,0.1110795,0.058158252
Passengers,2486.8655517687703,0.14095865,0.07258949
Passengers,2493.5491283786164,0.13870288,0.09607072
Passengers,2470.8768079102047,0.13642964,0.10204797
Passengers,2075.587309132139,0.07801259,0.04634463
Passengers,2068.572031873357,0.069329664,0.047668375
Passengers,2003.115830265075,0.06212872,0.04627617
Passengers,1895.3195728168982,0.055790752,0.040982474
Passengers,1828.640305120233,0.05236615,0.034671012
Passengers,1854.999952313523,0.05167365,0.032558374
Passengers,1812.9442542351317,0.04720317,0.029953498
Passengers,1501.5084451438956,0.024005055,0.032199558
Passengers,2424.873398913419,0.13017085,0.04367183
Passengers,2532.063064480288,0.1442027,0.04944212
Passengers,2493.606504461521,0.1420518,0.05144263
Passengers,2443.8357806696117,0.13065757,0.05129748
Passengers,2335.1546559964295,0.11130526,0.04722747
Passengers,2124.181388059348,0.083590575,0.04252498
Passengers,2125.207529180542,0.085016645,0.03687461
Passengers,2048.036494882134,0.07462481,0.034979157
Passengers,2191.4260669099144,0.08417631,0.037880175
Passengers,1493.5550648633205,0.024664141,0.030834796
Passengers,1560.0196196370862,0.031344086,0.027042834
Passengers,1694.2034698785826,0.04316113,0.0244465
Passengers,1649.9156839976456,0.037239984,0.024874352
Passengers,1723.9189168344208,0.04495894,0.025607325
Passengers,1877.6625364963106,0.059113126,0.028351713
Passengers,2111.70005726978,0.085867345,0.030277755
Passengers,2285.884094924492,0.10032899,0.039553106
Passengers,2766.111958884095,0.11885012,0.033433676
Passengers,2647.300253025303,0.116478756,0.061390385
Passengers,2392.770948567713,0.072523974,0.07598403
Passengers,2328.000604328544,0.057711385,0.08071384
Passengers,2237.067168007614,0.04576518,0.08137942
Passengers,2054.1006881940602,0.05141866,0.070119984
Passengers,1849.6165223845567,0.035818756,0.08965994
Passengers,1818.7562863572427,0.035343513,0.089854464
Passengers,1880.7358747107244,0.039876495,0.104564376
Passengers,1833.7151161467891,0.043480013,0.13659692
Passengers,1672.0356255968159,0.029635634,0.1515775
Passengers,2798.5130929001884,0.11068977,0.03713124
Passengers,1984.0159050303075,0.044117678,0.1431894
Passengers,2266.4754237886127,0.06625057,0.12930454
Passengers,2444.363745791885,0.08115873,0.16086997
Passengers,2682.45247964927,0.10508966,0.22222352
Passengers,2796.4809008020707,0.097996816,0.2322982
Passengers,2828.797394897118,0.11706236,0.18668634
Passengers,2748.083017224007,0.12295762,0.17861246
Passengers,2779.7084126723043,0.11549743,0.14812534
Passengers,2993.45851253232,0.14429209,0.10447114
Passengers,2905.648362015533,0.11981591,0.096718214
Passengers,2898.439795446755,0.14755583,0.03771957
Passengers,2412.0077611174947,0.058676243,0.12917992
Passengers,2684.908307111437,0.09536346,0.08651429
Passengers,2759.4540932454893,0.09012974,0.07070033
Passengers,2576.470632860054,0.0877498,0.056075122
Passengers,2473.6961540940624,0.08286657,0.0548716
Passengers,2465.0519811376694,0.07601945,0.047223754
Passengers,2880.0714980244857,0.14192516,0.04738798
Passengers,2837.5353266136167,0.12733233,0.05442833
Passengers,2997.217888282533,0.14202303,0.056088857
Passengers,3014.9180354993537,0.15913364,0.05709935
Passengers,2878.8767784613246,0.14045328,0.05944133
Passengers,2813.1753420823466,0.14181314,0.05618388
Passengers,2899.9881502493413,0.11529901,0.040459998
Passengers,2746.054927976126,0.12488591,0.12319994
Passengers,2939.5581425959813,0.16176859,0.116987854
Passengers,3049.898955697232,0.14900993,0.1257688
Passengers,3025.1232147858464,0.1431085,0.15749551
Passengers,2874.5922063494336,0.09338464,0.15497898
Passengers,2435.3370718001174,0.052957214,0.12634559
Passengers,2913.3077709018694,0.1184826,0.039111365
Passengers,3098.7711754670777,0.16500625,0.039909773
Passengers,2907.7909943453014,0.15390565,0.048805814
Passengers,2848.6668331742585,0.13522401,0.056380432
Passengers,2796.2591085660215,0.11913112,0.072784714
Passengers,3075.902107744442,0.16288018,0.085344076
Passengers,2895.297144913499,0.15847957,0.06817666
Passengers,2855.6528566441843,0.16268082,0.10595291
Passengers,2717.450395014069,0.117994025,0.023584198
Passengers,3055.97428326356,0.1558016,0.043053947
Passengers,3018.0381509115027,0.15180348,0.05382489
Passengers,2971.0739455186067,0.15693872,0.061367128
Passengers,2910.166964468681,0.13964213,0.08818675
Passengers,2758.5501354368016,0.10282765,0.118407875
Passengers,3116.3100971897256,0.17804223,0.091389775
Passengers,2918.0583327570557,0.15159672,0.11324203
Passengers,2638.5608611154735,0.10748247,0.15692537
Passengers,2715.234848432017,0.11871534,0.16021368
Passengers,2692.5569434380855,0.09067494,0.19945338
Passengers,2833.7379554632566,0.1432805,0.022793904
Passengers,2524.293166186847,0.055973686,0.23616669
Passengers,2199.232508743076,0.042245824,0.18811949
Passengers,1748.197890823735,0.024669422,0.15899222
Passengers,1585.1059941322358,0.021530189,0.15154274
Passengers,1631.8567810930874,0.027886827,0.12955284
Passengers,1766.3599404534616,0.03013517,0.10841258
Passengers,1523.9459749197024,0.018541044,0.11154048
Passengers,1549.2107401778987,0.021058189,0.09478866
Passengers,1882.0721949420742,0.042543624,0.06550744
Passengers,1817.3976854009668,0.02901403,0.07081464
Passengers,2746.8217119167734,0.13964961,0.024490403
Passengers,1642.4287289733888,0.022980176,0.06771802
Passengers,1846.2091223964924,0.036445525,0.05147778
Passengers,1910.9194572476895,0.045889776,0.047091715
Passengers,2766.2423012865547,0.13585848,0.027577275
Passengers,3075.2162907208894,0.17350492,0.021375922
Passengers,3305.219075634679,0.16773547,0.029231746
Passengers,3250.023531963139,0.15523437,0.028378833
Passengers,3278.3809667874452,0.1762583,0.025214862
Passengers,3107.850919672941,0.1547757,0.036235962
Passengers,2197.8096007672484,0.0970996,0.04252667
Passengers,3251.8620686605395,0.1686514,0.046519145
Passengers,3227.5412975100116,0.18674861,0.03762554
Passengers,3453.7107026943663,0.22047432,0.029120844
Passengers,3599.3693166333483,0.20891191,0.03241492
Passengers,3517.6027669431446,0.15393785,0.03638696
Passengers,3272.234366060816,0.15299222,0.028899452
Passengers,3543.962661855704,0.20164491,0.024433935
Passengers,3468.588966458808,0.19295532,0.023312423
Passengers,3307.6381648087386,0.18055609,0.021962062
Passengers,3243.4333778424775,0.17335339,0.019300302
Passengers,2216.769310534451,0.09057897,0.03980644
Passengers,3190.8267881997867,0.17011437,0.019889563
Passengers,2383.170500384879,0.09285034,0.04254945
Passengers,2884.469117698244,0.14244282,0.04723447
Passengers,3076.1282229546277,0.1626054,0.059218105
Passengers,3170.0444476152643,0.19464302,0.063854575
Passengers,3031.9527334881263,0.18294656,0.058851298
Passengers,3175.619808394279,0.18937291,0.045561172
Passengers,3235.021918324456,0.19113773,0.0401
Passengers,2253.807915909028,0.07020713,0.04496932
Passengers,2495.3871191693975,0.088207215,0.10984968
Passengers,2426.10346670869,0.08934364,0.07596601
Passengers,1968.4680817306942,0.05463076,0.06150618
Passengers,1864.2637252336608,0.038086217,0.06821342
Passengers,1950.6271116654138,0.04324892,0.04995514
Passengers,3106.2130648223756,0.16262653,0.056135003
Passengers,3187.070100210543,0.15558507,0.07574051
Passengers,3152.730315667869,0.18060313,0.061610177
Passengers,2826.122855059707,0.13222912,0.07615452
Passengers,2941.7791853677863,0.17644642,0.06669662
Passengers,2744.08781415081,0.15998931,0.07040752
Passengers,2844.524967525405,0.14856349,0.08018156
Passengers,2720.051690539685,0.1113859,0.113036685
Passengers,2378.2389026067603,0.10414003,0.045568876
Passengers,2712.475510276855,0.12926814,0.057758257
Passengers,2612.2614274923867,0.11308267,0.053241182
Passengers,2296.415403071904,0.07111935,0.06401742
Passengers,2261.3370195073276,0.083527565,0.04907122
Passengers,2431.7863960412706,0.109869644,0.04014232
Passengers,2490.90221441077,0.114394374,0.03962551
Passengers,2146.976847234277,0.054675996,0.051316775
Passengers,2204.0421935643703,0.070825584,0.041371066
Passengers,2398.316836655431,0.10626957,0.04834109
Passengers,2552.071202388557,0.11435356,0.04858276
Passengers,2510.9103494120855,0.10929371,0.04580974
Passengers,2321.427666285396,0.09041124,0.04375957
Passengers,2370.736623275837,0.08705971,0.051174786
Passengers,2533.7570893228813,0.09553319,0.06309013
Passengers,2528.847412589185,0.08430759,0.0745799
Passengers,2752.048127850442,0.123415746,0.06473158
Passengers,1798.0868049019225,0.022503885,0.116409704
Passengers,2235.801827196176,0.0632201,0.13712667
Passengers,1940.9687644149458,0.02894237,0.18008721
Passengers,1986.5182330558894,0.040459797,0.13871273
Passengers,1859.3119531706996,0.034563802,0.12500404
Passengers,1835.5721352629932,0.03309454,0.12794717
Passengers,1924.3726916614512,0.03727726,0.10697812
Passengers,1928.687504533183,0.035206012,0.10834738
Passengers,1752.5727982592914,0.021069309,0.12581973
Passengers,1846.609511411658,0.026130715,0.121475086
Passengers,1924.3203642572028,0.02552478,0.14246602
Passengers,1776.4912976702242,0.020736523,0.16199765
Passengers,1951.5952559960333,0.03870069,0.15109932
Passengers,1852.1535570920005,0.031442415,0.16512537
Passengers,1876.3356488394452,0.034630116,0.1672093
Passengers,1981.580711489727,0.044969417,0.12699541
Passengers,2978.7941191903683,0.15657459,0.017650237
Passengers,2321.678131831308,0.081741385,0.032838393
Passengers,2211.6965718443703,0.060831733,0.03634797
Passengers,2024.0084990441514,0.039356846,0.04216292
Passengers,2164.215593608534,0.050664615,0.042478677
Passengers,2088.2318967929787,0.056244213,0.0472463
Passengers,1990.386135063268,0.048882537,0.05029466
Passengers,2279.508047153034,0.077046126,0.052878067
Passengers,2652.0476298017843,0.13228022,0.07064615
Passengers,2737.403921974176,0.13443947,0.09646923
Passengers,2603.570074180049,0.13254209,0.17783755
Passengers,2792.4244120856024,0.111118525,0.022485873
Passengers,2493.8556462315805,0.1398344,0.283686
Passengers,2262.1788797793683,0.09557072,0.27124077
Passengers,2354.447965971925,0.079001285,0.17174667
Passengers,2199.61361865433,0.061392445,0.13023579
Passengers,2208.609735730591,0.0596476,0.09280246
Passengers,2320.050567303195,0.056344308,0.06621837
Passengers,2266.1825812337984,0.045013763,0.06733657
Passengers,2774.702544930194,0.11440942,0.02243781
Passengers,2595.588548827123,0.08365372,0.030479282
Passengers,2689.410290996944,0.10963779,0.023068821
Passengers,2568.9125410820016,0.09634344,0.02847007
Passengers,2603.726833674363,0.096218534,0.030014934
Passengers,2574.8831221860623,0.09854052,0.025250288
Passengers,2402.856233582402,0.076261126,0.034773454
PilotShip,1826.2323000961308,0.027769461,0.007825108
PilotShip,2307.1648279308256,0.0821929,0.0019672716
PilotShip,2006.5496833659176,0.048226632,0.007893306
PilotShip,2119.1399192004574,0.052647393,0.007848461
PilotShip,2169.8344284146997,0.063162416,0.007668398
PilotShip,1796.8240464382704,0.023757378,0.011626146
PilotShip,1925.6438721089955,0.02592118,0.008450122
PilotShip,2293.174375189629,0.041004896,0.005594281
PilotShip,2244.805651100919,0.049936287,0.0033908172
PilotShip,2345.260386873816,0.075000495,0.0020283945
PilotShip,3216.6482116496395,0.18901747,0.0067514367
PilotShip,3178.6912818483293,0.18379228,0.0075553413
PilotShip,2997.52570166302,0.15192778,0.010524607
PilotShip,2840.7655038079106,0.12141177,0.0086122565
PilotShip,2693.3568595487927,0.1223652,0.0028090063
RORO,1823.6378081808598,0.04034714,0.0065997783
RORO,2136.395443875245,0.055274695,0.038552035
RORO,1899.995833669615,0.03737581,0.057374027
RORO,1673.1499051164706,0.023710657,0.08415293
RORO,1645.9519833175907,0.023095032,0.09025035
RORO,1822.8939897150303,0.032760277,0.08649115
RORO,1804.5101729411588,0.035597276,0.08562142
RORO,1903.9498332644926,0.05236156,0.06984268
RORO,2010.6843709639063,0.059978206,0.071115926
RORO,1850.5099291207155,0.04621294,0.066140875
RORO,1781.0405033249292,0.040179726,0.07527828
RORO,1695.1630470280352,0.030699879,0.008088237
RORO,1608.1642184335,0.028287116,0.09246328
RORO,1408.4989706095662,0.017659994,0.081434384
RORO,1253.008709639151,0.011640987,0.080305204
RORO,1166.4419980704972,0.010142466,0.060004678
RORO,1181.8345619001454,0.012476827,0.028755048
RORO,1204.2290154469677,0.014469384,0.024496518
RORO,1920.159730421341,0.058335204,0.041744594
RORO,1434.5248989809988,0.023449115,0.028540114
RORO,930.2679166696333,0.005986964,0.024542227
RORO,895.9541902787918,0.004671033,0.02772837
RORO,1880.1748974754628,0.04446298,0.010003899
RORO,1211.3665328623538,0.013893455,0.024789257
RORO,1364.2002612751369,0.018477315,0.029863516
RORO,1439.56774677065,0.023528092,0.03114373
RORO,1661.4137936991517,0.0366221,0.036568873
RORO,1560.0995533794983,0.027918428,0.03933546
RORO,1618.2476819124101,0.033267494,0.042934023
RORO,1826.410639604525,0.053128067,0.046116136
RORO,2026.2102311588555,0.073378116,0.047292665
RORO,2130.4876864239645,0.0898193,0.048848018
RORO,2244.755614872481,0.106912605,0.04658673
RORO,2119.1593799452294,0.072069205,0.009372588
RORO,2206.7265427224447,0.10011744,0.046743076
RORO,2112.0863685581567,0.085519835,0.053555597
RORO,2201.435097212624,0.09770545,0.052825868
RORO,2130.5132160816825,0.08594778,0.047026366
RORO,2039.5104307033807,0.06895525,0.054535046
RORO,1945.8423843533021,0.053062275,0.06126701
RORO,1966.9657914310333,0.055964887,0.06616658
RORO,2025.7968853449906,0.058232166,0.06874014
RORO,1937.7341276473728,0.054205593,0.059279043
RORO,1919.4916418337996,0.04988099,0.060656305
RORO,2358.1809522232893,0.10336731,0.00913207
RORO,1789.885503133054,0.03425745,0.06985123
RORO,1802.6530205870051,0.036168177,0.06501633
RORO,1667.3146868893034,0.031665243,0.05763095
RORO,1032.8306797746973,0.006831405,0.05781298
RORO,907.7348882796214,0.0038384427,0.05021139
RORO,1095.840232437009,0.006811917,0.039964415
RORO,1429.4196235540526,0.01636125,0.02833049
RORO,1192.5346597828213,0.011008035,0.017509863
RORO,1241.0005448340378,0.011524433,0.014661415
RORO,1228.5615997664652,0.01075887,0.01678749
RORO,2384.542453720823,0.109258704,0.011756021
RORO,1124.5566624936687,0.0096917115,0.015741244
RORO,1336.4854114309178,0.0151830865,0.010328413
RORO,1435.5499017176355,0.019515937,0.00957131
RORO,1504.7215103132403,0.023266662,0.008264138
RORO,1756.0671684664246,0.038494118,0.0066274162
RORO,1705.340757507612,0.031029936,0.005924154
RORO,1689.5285900766883,0.027834356,0.005818293
RORO,1562.3072529513424,0.024791175,0.0048682843
RORO,1611.4395843979294,0.03282037,0.0034275055
RORO,1639.6297129741845,0.03979322,0.003190951
RORO,2364.1664326567334,0.09773502,0.016279032
RORO,2230.7178192981064,0.076410905,0.020069964
RORO,2179.8032602350795,0.06618441,0.026968502
RORO,937.8785617029805,0.00574156,0.027382683
RORO,2151.7484832843675,0.09315887,0.048613776
RORO,2242.2588004013746,0.10676816,0.04628562
RORO,2183.2081955599892,0.09610016,0.04756045
RORO,2127.4717350826363,0.08766719,0.05411396
RORO,2208.8408791569327,0.098846644,0.0517588
RORO,2113.7306858822076,0.0831984,0.0475426
RORO,2026.7650214833723,0.06655459,0.05543687
RORO,1940.6356090892682,0.05267774,0.061657615
RORO,1976.4378247183147,0.05736624,0.06643361
RORO,2024.0390610302272,0.05829886,0.06786535
RORO,1225.414119229139,0.014166276,0.025191259
RORO,1928.0661201669304,0.05282778,0.059427913
RORO,1912.0446934060512,0.04882021,0.061902933
RORO,1791.624174073587,0.03465804,0.06956185
RORO,1798.2198217755754,0.036225993,0.06401691
RORO,1610.2398339641315,0.02878846,0.057535745
RORO,992.8661891613665,0.005763652,0.05771166
RORO,892.2604618588001,0.0036739793,0.04838629
RORO,1149.8198219018977,0.0078652045,0.039028965
RORO,1411.2100196607762,0.01577565,0.027363403
RORO,1193.593368143034,0.011149669,0.016734727
RORO,1373.9539918769697,0.019248195,0.030172452
RORO,1251.2887035118133,0.011666589,0.014427338
RORO,1231.295835540343,0.010963431,0.017139198
RORO,1130.2083122712436,0.010476556,0.015077737
RORO,1340.9578336790564,0.015187209,0.010311052
RORO,1430.0276783842037,0.018992344,0.009425501
RORO,1531.6184329958542,0.024559345,0.007961003
RORO,1764.348510227197,0.038534556,0.006549899
RORO,1704.8462043353557,0.030853692,0.005952803
RORO,1738.277150930059,0.030183485,0.006350798
RORO,1457.4445280935392,0.024411958,0.031213474
RORO,1664.3531946200442,0.036769323,0.03703076
RORO,1559.4657409057324,0.027773172,0.039548546
RORO,1635.744110480082,0.03485779,0.044172436
RORO,1847.734531123788,0.05527181,0.04553444
RORO,2039.9094297746406,0.07527908,0.04789042
RORO,1248.4471432110022,0.01601122,0.023925032
RORO,1789.3392744640694,0.052143842,0.03965218
RORO,1557.556233853175,0.029419592,0.031606544
RORO,1200.915186536158,0.012002732,0.019185813
RORO,2018.6775894546547,0.024627686,0.019130422
RORO,2025.679471369579,0.03506096,0.183867
RORO,1770.6468260040906,0.020473717,0.1946449
RORO,1869.84823818598,0.028242016,0.12581211
RORO,1922.7876136751622,0.027712837,0.095860615
RORO,1510.9874734784753,0.008790823,0.12318967
RORO,1446.8155177334925,0.007263616,0.08905946
RORO,1591.3729630540126,0.012384657,0.055763856
RORO,1242.0240626946647,0.005611109,0.060698867
RORO,1284.3555221372171,0.006897483,0.045870256
RORO,1183.5133994765752,0.0057826634,0.043361656
RORO,2386.651526235851,0.06655551,0.016277341
RORO,1200.042996694063,0.007215602,0.034320235
RORO,1237.4596873555593,0.007406119,0.03245621
RORO,1323.5083160255494,0.009956627,0.03280518
RORO,1379.906019899053,0.013637221,0.0317854
RORO,1467.6669717443572,0.017289225,0.034259997
RORO,2038.504416627481,0.04483115,0.020782107
RORO,2600.047186361474,0.063396335,0.031822503
RORO,1352.800884864496,0.009754186,0.03718541
RORO,1894.8239121923466,0.017714981,0.06540026
RORO,1491.0813298268563,0.008994473,0.079401635
RORO,2159.512993513853,0.034061305,0.08580207
RORO,2468.8601772332245,0.059051484,0.10983643
RORO,1653.7090896719658,0.03656631,0.07402132
RORO,1233.3226149973802,0.01262959,0.12912852
RORO,1187.13047918941,0.011266158,0.11001489
RORO,1140.3980933626683,0.010221131,0.10449871
RORO,1157.5173191922381,0.009793967,0.10370826
RORO,1214.1635756151838,0.012018796,0.09896808
RORO,1293.677187876099,0.015557965,0.100926004
RORO,1359.1242375162792,0.017531622,0.096033566
RORO,1395.0659706547942,0.019659683,0.08756684
RORO,1431.242071939261,0.02297076,0.07702577
RORO,1505.0898135839268,0.028057357,0.06363691
RORO,1621.5208584722648,0.033848245,0.08555395
RORO,1632.851107942336,0.03374427,0.09510201
RORO,1499.9838396279515,0.024686974,0.107220285
RORO,1325.5312751405863,0.014237157,0.146566
RORO,1285.8464534126806,0.014383356,0.14402029
RORO,1433.0812305121608,0.02220049,0.12387669
RORO,1343.9964610056327,0.017418016,0.13430071
RORO,1196.3497544333902,0.011452719,0.15452464
Sailboat,3375.4997420202935,0.24480012,0.0028850976
Sailboat,3058.5338290080053,0.20983496,0.003385194
Sailboat,3279.8770860179498,0.20889555,0.0031318092
Sailboat,3444.432343169861,0.22884834,0.0020919978
Sailboat,3649.5839626436796,0.2435354,0.0022659812
Sailboat,1770.2322949512145,0.033307455,0.020004248
Sailboat,2001.2891940028032,0.058527585,0.021803383
Sailboat,2235.6781998752126,0.08300384,0.023939012
Sailboat,1890.621389408851,0.042929057,0.020978916
Sailboat,1876.8102590062267,0.042528525,0.019885696
Sailboat,1764.7658725995734,0.031889807,0.01846142
Sailboat,1813.236154687027,0.03410273,0.020420356
Sailboat,2729.5555905320516,0.13715087,0.021104407
Sailboat,2464.8828416172396,0.12914346,0.059324957
Sailboat,2318.665598629428,0.10957971,0.06686497
Sailboat,2677.435053364103,0.16066884,0.042911343
Sailboat,3040.058158284414,0.18776588,0.034882117
Sailboat,2827.1683746264944,0.14765403,0.038891282
Sailboat,2881.853250688592,0.13132343,0.038227454
Sailboat,2814.410591443677,0.12690382,0.037386056
Sailboat,2864.479493345236,0.1511835,0.029774407
Sailboat,2886.88713255008,0.1728077,0.023729926
Sailboat,3070.10957585695,0.19819929,0.02396638
Sailboat,2678.383896505617,0.13590612,0.02069401
Sailboat,2900.3281852775053,0.16376318,0.026690602
Sailboat,2652.434803884834,0.11545333,0.028685067
Sailboat,2575.459304858619,0.1177432,0.027690955
Sailboat,2490.8980930780654,0.12162675,0.02648657
Sailboat,2554.954931407625,0.13316877,0.0274101
Sailboat,2585.719744028637,0.14192446,0.02908641
Sailboat,2777.578088287164,0.1589155,0.03903186
Sailboat,2977.843454267644,0.16884454,0.05080713
Sailboat,2695.26353708725,0.14532934,0.05176507
Sailboat,2659.734158313944,0.13867421,0.06110203
Sailboat,2695.183444323922,0.13679574,0.023653952
Sailboat,2923.613987097275,0.1711423,0.059711065
Sailboat,2657.044862035839,0.1385831,0.024278242
Sailboat,2681.486600479049,0.14820632,0.024573551
Sailboat,2711.638475798194,0.15502003,0.03176493
Sailboat,2642.6923647442654,0.15013719,0.040317297
Sailboat,2697.406820900647,0.16890392,0.043736752
Sailboat,2897.433724210781,0.19040097,0.04611183
Tanker,550.8745111028887,9.4760566e-05,0.028940354
Tanker,545.6400691347314,8.297955e-05,0.028760856
Tanker,554.0166790750818,8.990691e-05,0.028747784
Tanker,570.0186247996174,9.5310636e-05,0.030174175
Tanker,555.4265782839993,9.409981e-05,0.030060427
Tanker,543.2010465143655,9.156732e-05,0.030047417
Tanker,540.8187417110024,0.00010891061,0.030143486
Tanker,538.0191246619776,8.147934e-05,0.030246362
Tanker,1316.4918098703477,0.0017966101,0.0333035
Tanker,1497.9395176459382,0.0032678754,0.034883413
Tanker,1618.1986247930026,0.005950674,0.040588293
Tanker,1696.601750213643,0.008381996,0.052565303
Tanker,1737.2729578929732,0.009843828,0.06575061
Tanker,1732.7851720106157,0.010140605,0.08773017
Tanker,1491.371087712888,0.005166084,0.08976634
Tanker,578.8668079856351,0.00010469507,0.03044923
Tanker,639.8221051490882,0.00012348157,0.03037088
Tanker,688.709718410088,0.00015209429,0.030197509
Tanker,782.9080254298348,0.00023994633,0.030451817
Tanker,858.0789612800897,0.00029464468,0.030318715
Tanker,911.1105930878864,0.00037064432,0.03038216
Tanker,1001.9045137611066,0.0005786798,0.030601967
Tanker,1170.3658791122323,0.0010599253,0.031376395
Tanker,442.3834397378133,6.652037e-05,0.029872673
Tanker,470.264164475148,8.3401574e-05,0.029987125
Tanker,532.8420571453595,0.00012664085,0.029889472
Tanker,1376.7368615451976,0.0015894187,0.029896196
Tanker,1382.7764636985025,0.0016311242,0.029896816
Tanker,1425.5674369296125,0.001734143,0.030144347
Tanker,1459.6739222882923,0.0019268704,0.030084418
Tanker,1527.121684734141,0.0021346563,0.030127592
Tanker,1487.8729983369421,0.0019477172,0.030263005
Tanker,1440.9512107691664,0.0019040512,0.029346993
Tanker,1360.0976984025685,0.0035295875,0.03147129
Tanker,1444.8004954268238,0.0036888744,0.030682359
Tanker,990.7613077063863,0.00067757687,0.030283717
Tanker,798.6914221075308,0.00037953214,0.02998519
Tanker,788.7047847214471,0.00022870481,0.029444553
Tanker,904.1674063325426,0.0005896544,0.03016275
Tanker,794.4935149371354,0.00040447825,0.03006235
Tanker,728.786091703274,0.00022778357,0.029786875
Tanker,816.245154287484,0.00039355268,0.03004426
Tanker,737.5642350979247,0.0002397443,0.02984601
Tanker,764.1300593162551,0.0005308972,0.030261634
Tanker,747.1772771997697,0.00026491893,0.029888676
Tanker,831.6375443923761,0.00037843897,0.029978365
Tanker,638.8336154534321,0.00010167268,0.029914636
Tanker,668.3447094820748,0.00012846927,0.029562697
Tanker,646.6864097229981,0.0002628372,0.030597346
Tanker,715.9959553690168,0.00031631225,0.030398335
Tanker,702.3043681098102,0.00035566493,0.030578015
Tanker,950.1425572244383,0.0023675351,0.05170135
Tanker,567.2503454297612,0.00019200053,0.03146224
Tanker,544.5131015175328,0.00017396215,0.031166272
Tanker,920.6994204550099,0.0017420398,0.041585058
Tanker,856.2577904238808,0.0011026664,0.03693487
Tanker,884.7647871569126,0.00094521063,0.033798136
Tanker,1162.0022563597008,0.0017260523,0.032358162
Tanker,971.9192036269214,0.0009961382,0.031684563
Tanker,775.8158948435605,0.0004562445,0.031079795
Tanker,634.9476600429342,0.00028128555,0.03149945
Tanker,611.8224226754016,0.00022085864,0.03119658
Tanker,349.7659625095721,4.50148e-05,0.029387562
Tanker,294.85847713927564,2.7272625e-05,0.029390942
Tanker,293.8881330826229,2.7529783e-05,0.029388499
Tanker,287.86889894232206,2.6495609e-05,0.029333211
Tanker,298.648861126619,2.6549953e-05,0.029309282
Tanker,290.7469823068213,2.5490837e-05,0.029350732
Tanker,277.5353096003673,2.4793719e-05,0.029350827
Tanker,340.4106309812846,4.0796553e-05,0.029361222
Tanker,340.3314127675126,3.9599883e-05,0.029388543
Tanker,356.03167639454085,4.309062e-05,0.029395577
Tanker,328.12077589545765,3.5382975e-05,0.029442381
Tanker,339.85935239740894,3.7403326e-05,0.029451827
Tanker,318.5941566144369,3.282812e-05,0.029370744
Tanker,320.57810312475226,3.2728993e-05,0.029383924
Tanker,302.96786206459626,3.064522e-05,0.029404735
Tanker,772.736032051519,0.00021136597,0.030347824
Tanker,874.3379378160968,0.00028750006,0.030209446
Tanker,938.8176118273094,0.0003321692,0.030335799
Tanker,950.6565809810494,0.00037080704,0.030195767
Tanker,314.08745985300646,2.4081382e-05,0.029304668
Tanker,327.8976112239855,2.8961353e-05,0.029496074
Tanker,362.56734234971015,3.64723e-05,0.029627949
Tanker,366.549317477406,4.335742e-05,0.029803278
Tanker,1606.4695844671937,0.0021686284,0.030272402
Tanker,1678.5797899605411,0.0026747559,0.03070951
Tanker,1866.3001686664918,0.019405503,0.046613477
Tanker,1855.1327408320617,0.022044932,0.054412376
Tanker,961.7825415300647,0.0002400752,0.029643768
Tanker,788.6426750454842,0.00015792843,0.029897744
Tanker,775.0593726638726,0.0001494127,0.029875344
Tanker,754.1621423719764,0.00014322437,0.029727293
Tanker,737.3153215354153,0.00013678583,0.029836055
Tanker,787.0640412462284,0.00015549515,0.029834667
Tanker,759.0818533545885,0.0001443851,0.029811762
Tanker,794.3744969763524,0.00015666134,0.030010765
Tanker,705.9979495677778,0.00012487042,0.030017613
Tanker,714.6740101776409,0.00015170332,0.029843684
Tanker,929.8344108837262,0.00022231045,0.02981044
Tanker,992.2315420648954,0.00025234587,0.02980471
Tanker,932.0708843000282,0.00022523933,0.029909575
Tanker,926.1577240042794,0.00021845783,0.029927585
Tanker,945.4147875491365,0.00022900749,0.02994313
Tanker,944.164043809528,0.00022084247,0.02998181
Tanker,825.5063801972967,0.00017008159,0.030047877
Tanker,843.817738745344,0.00018238235,0.029786455
Tanker,515.2655927712564,5.3357417e-05,0.029450133
Tanker,530.2439224946105,6.895559e-05,0.0297563
Tanker,539.730239395982,7.1717375e-05,0.029684478
Tanker,543.4368185044297,7.486152e-05,0.029628428
Tanker,538.2213998759953,7.633708e-05,0.029791841
Tanker,512.251136505668,5.6483303e-05,0.02963843
Tanker,510.5467591059037,5.7456546e-05,0.029603882
Tanker,519.8072824620646,6.0373917e-05,0.029670648
Tanker,521.5869944999179,6.170384e-05,0.029692022
Tanker,521.2897247139477,6.185746e-05,0.029723186
Tanker,515.7317623366556,6.10436e-05,0.029804168
Tanker,513.5047348417955,6.323561e-05,0.029730275
Tanker,525.7454490138837,6.868757e-05,0.029902305
Tanker,989.1698163916716,0.00079923944,0.031030765
Tanker,927.9982001513712,0.00062552793,0.030907592
Tanker,905.1949455735382,0.00059311674,0.030942686
Tanker,981.6829148093946,0.0007563335,0.030918302
Tanker,790.5718270020765,0.00039474008,0.030960733
Tanker,798.7966976804574,0.0004079597,0.030856932
Tanker,766.6311952106777,0.00045010715,0.03098061
Tanker,769.6065269631658,0.00052017794,0.031195229
Tanker,766.3512763826842,0.00057446613,0.032122552
Tanker,755.5553854247088,0.0007720134,0.034119718
Tanker,752.2149357170169,0.0009075135,0.036808472
Tanker,732.1215468864368,0.000972423,0.044835784
Tanker,760.0480004170606,0.00022429577,0.030166227
Tanker,780.0256772715661,0.00024083881,0.03003316
Tanker,774.435930597114,0.0002414537,0.030048268
Tanker,1169.3806359612458,0.0012490394,0.030562306
Tanker,1171.377985555689,0.0012153136,0.030274162
Tanker,1127.518346707501,0.0010823035,0.030284809
Tanker,833.1310266315302,0.0002906035,0.030511936
Tanker,808.5927504750488,0.0002929372,0.030568564
Tanker,818.5772815687543,0.00031752052,0.030278495
Tanker,785.5025182930871,0.00030203725,0.030770633
Tanker,968.8206216332911,0.001322208,0.032524526
Tanker,954.0678254651414,0.0012844728,0.03236534
Tanker,941.3493097664963,0.0013612568,0.032336213
Tanker,946.3349668872112,0.0014266254,0.032779176
Tanker,267.9320592721091,1.8594537e-05,0.030055285
Tanker,565.2311667853261,9.543774e-05,0.027798522
Tanker,547.0042129919051,8.702613e-05,0.027776761
Tanker,566.7883604204358,9.612645e-05,0.026812727
Tanker,577.7901076476305,9.968684e-05,0.027506398
Tanker,587.8282165504037,0.000104270744,0.027547253
Tanker,700.995600019025,0.00028814547,0.030171096
Tanker,451.8343803854662,7.309036e-05,0.029797534
Tanker,450.5335610000855,7.022591e-05,0.029777674
Tanker,449.43477435072856,6.898788e-05,0.029779697
Tanker,408.5034656031585,5.6984885e-05,0.029737884
Tanker,384.7108058119045,5.3976135e-05,0.029899798
Tanker,356.80240546666374,4.4633653e-05,0.02981504
Tanker,361.6247574242278,4.546368e-05,0.029881632
Tanker,452.0224017180393,8.914027e-05,0.030180499
Tanker,425.97128648310576,0.00010721109,0.029573068
Tanker,675.451136242057,0.00028810077,0.030416166
Tanker,712.6243958725566,0.00034050955,0.03038194
Tanker,684.9377369621142,0.00026998902,0.03012652
Tanker,616.480840902651,0.00020107199,0.030039424
Tanker,559.8126269400847,0.0001636237,0.030163793
Tanker,476.8828610741351,0.00010269092,0.030023484
Tanker,452.66735139614013,9.105689e-05,0.030011881
Tanker,413.02239095975193,6.443259e-05,0.029931525
Tanker,1249.3477738506767,0.00204963,0.031019455
Tanker,1302.6521027081808,0.0023712022,0.03104482
Tanker,1267.3525566510157,0.0021018898,0.030711446
Tanker,1333.1799454297695,0.0023029216,0.030609213
Tanker,1394.039616852876,0.0025233596,0.030334508
Tanker,483.78969430067104,7.548613e-05,0.029602941
Tanker,533.8224031581603,9.392697e-05,0.029572338
Trawler,1432.1606518923445,0.018855952,0.022430144
Trawler,2162.7619668245597,0.065452844,0.06137055
Trawler,1863.3487050169826,0.030767009,0.063434474
Trawler,1699.974620106171,0.01871754,0.051988438
Trawler,1910.0900640376797,0.029235711,0.040038936
Trawler,1962.5892977464252,0.03603837,0.027011402
Trawler,1731.5611255014994,0.025721412,0.01626029
Trawler,1904.0677618916034,0.03983356,0.009228886
Trawler,1965.2701299648145,0.051225916,0.0074229795
Trawler,1826.5056031341248,0.044908725,0.022607867
Trawler,2163.9039468031656,0.069414414,0.04046862
Trawler,2237.0128813333176,0.08793908,0.11675151
Trawler,1743.6389688291558,0.03641037,0.21605042
Trawler,1567.7258115189213,0.02050968,0.19109997
Trawler,1811.7022869129157,0.02784235,0.13623483
Trawler,1754.633804325756,0.029984815,0.10941476
Trawler,2198.807827363825,0.07484509,0.07232867
Tugboat,1291.7328176175756,0.018382693,0.002225238
Tugboat,1057.3319768724314,0.005789484,0.003753692
Tugboat,1139.4610116330973,0.007874597,0.0026726027
Tugboat,1026.9967217593128,0.009788549,0.0031691233
Tugboat,964.2321266116444,0.0064426963,0.0033578447
Tugboat,1050.8717298865993,0.0062281857,0.0023808088
Tugboat,1493.7246636120083,0.016963288,0.0012282039
Tugboat,1321.998535521548,0.013368424,0.0027938813
Tugboat,1570.305554859866,0.018880948,0.0037096469
Tugboat,1493.9016790233718,0.015341843,0.0060599004
Tugboat,1637.6849613600282,0.0224978,0.0071662692
Tugboat,1308.8264045127655,0.012191904,0.008849305
Tugboat,882.3809634481747,0.0045277053,0.0065562725
Tugboat,815.636722357744,0.003394031,0.0057669305
Tugboat,895.2248044833477,0.0036277976,0.0040957644
Tugboat,1448.5426719548316,0.019952552,0.007482416
Tugboat,1387.0169344531864,0.017990945,0.0067433566
Tugboat,1431.190590197798,0.02100549,0.008531046
Tugboat,2017.8792731414144,0.06280092,0.018090451
Tugboat,1752.9825987983845,0.040084414,0.010631731
Tugboat,1803.7041887656715,0.049935773,0.006882596
Tugboat,1596.0140186787855,0.03431769,0.0035554974
